{"accuracy": [0.5966142416000366, 0.8574293851852417, 0.9152429103851318, 0.939554750919342, 0.9550465941429138, 0.9652891159057617, 0.9700832366943359, 0.9763709902763367, 0.979642927646637, 0.9819901585578918], "loss": [1.3702373504638672, 0.45057961344718933, 0.2614297568798065, 0.18233901262283325, 0.13640189170837402, 0.10787487030029297, 0.0915171205997467, 0.07311361283063889, 0.06281059980392456, 0.056066177785396576], "val_accuracy": [0.8418506979942322, 0.9068973660469055, 0.9358638525009155, 0.9429774880409241, 0.9219212532043457, 0.9571477174758911, 0.9553266763687134, 0.9680172801017761, 0.9558388590812683, 0.972456157207489], "val_loss": [0.49530234932899475, 0.2923166751861572, 0.19977834820747375, 0.17842529714107513, 0.2566513419151306, 0.13834449648857117, 0.14608332514762878, 0.10502464324235916, 0.14976893365383148, 0.09186291694641113]}